"name","country","count","rank"
"Vera Mccoy","Afghanistan","18","1"
"June Carroll","Algeria","32","1"
"Mario Cheatham","Algeria","27","2"
"Judy Gray","Algeria","23","3"
"Anthony Schwab","American Samoa","15","1"
"Martin Bales","Angola","25","1"
"Claude Herzog","Angola","20","2"
"Bobby Boudreau","Anguilla","32","1"
"Leonard Schofield","Argentina","30","1"
"Jordan Archuleta","Argentina","29","2"
"Julia Flores","Argentina","29","2"
"Stephanie Mitchell","Armenia","25","1"
"Audrey Ray","Austria","27","1"
"Nora Herrera","Austria","26","2"
"Jill Hawkins","Austria","17","3"
"Raymond Mcwhorter","Azerbaijan","25","1"
"Andrew Purdy","Azerbaijan","22","2"
"Seth Hannon","Bahrain","24","1"
"Michelle Clark","Bangladesh","32","1"
"Stephen Qualls","Bangladesh","26","2"
"Frank Waggoner","Bangladesh","23","3"
"Clara Shaw","Belarus","40","1"
"Cory Meehan","Belarus","24","2"
"Joel Francisco","Bolivia","22","1"
"Jon Wiles","Bolivia","22","1"
"Marion Snyder","Brazil","39","1"
"Justin Ngo","Brazil","33","2"
"Harold Martino","Brazil","32","3"
"Lois Butler","Brunei","34","1"
"Tyrone Asher","Bulgaria","24","1"
"Jessie Banks","Bulgaria","24","1"
"Allison Stanley","Cambodia","25","1"
"Elmer Noe","Cambodia","24","2"
"Lawrence Lawton","Cameroon","29","1"
"Albert Crouse","Cameroon","22","2"
"Curtis Irby","Canada","38","1"
"Troy Quigley","Canada","27","2"
"Darrell Power","Canada","24","3"
"Javier Elrod","Chad","28","1"
"Janet Phillips","Chile","26","1"
"Andre Rapp","Chile","26","1"
"Jerome Kenyon","Chile","14","3"
"Carrie Porter","China","34","1"
"Margie Wade","China","33","2"
"Stacey Montgomery","China","33","2"
"Sylvia Ortiz","Colombia","30","1"
"Wanda Patterson","Colombia","28","2"
"Jackie Lynch","Colombia","23","3"
"Jesse Schilling","Congo, The Democratic Republic of the","22","1"
"Aaron Selby","Congo, The Democratic Republic of the","20","2"
"Jennie Terry","Czech Republic","28","1"
"Jeff East","Dominican Republic","30","1"
"Myrtle Fleming","Dominican Republic","24","2"
"Randall Neumann","Dominican Republic","20","3"
"Ramon Choate","Ecuador","30","1"
"Patsy Davidson","Ecuador","27","2"
"Tracy Herrmann","Ecuador","25","3"
"Sherry Marshall","Egypt","31","1"
"Everett Banda","Egypt","28","2"
"Alfred Casillas","Egypt","26","3"
"Marcus Hidalgo","Estonia","28","1"
"Sean Douglass","Ethiopia","23","1"
"Edward Baugh","Faroe Islands","24","1"
"Erika Pena","Finland","21","1"
"Virginia Green","France","30","1"
"Rita Graham","France","22","2"
"Luis Yanez","France","19","3"
"Rose Howard","French Guiana","20","1"
"Gloria Cook","French Polynesia","26","1"
"Christine Roberts","French Polynesia","22","2"
"Salvador Teel","Gambia","27","1"
"Alma Austin","Germany","31","1"
"Grace Ellis","Germany","30","2"
"Miguel Betancourt","Germany","27","3"
"Linda Williams","Greece","24","1"
"Enrique Forsythe","Greece","22","2"
"Gertrude Castillo","Greenland","28","1"
"Jessica Hall","Holy See (Vatican City State)","32","1"
"Violet Rodriquez","Hong Kong","24","1"
"Terrance Roush","Hungary","29","1"
"Tim Cary","India","34","1"
"Mike Way","India","33","2"
"Helen Harris","India","32","3"
"Steve Mackenzie","Indonesia","32","1"
"Jorge Olivares","Indonesia","31","2"
"Leslie Seward","Indonesia","28","3"
"Minnie Romero","Indonesia","28","3"
"Tommy Collazo","Iran","37","1"
"Harry Arce","Iran","31","2"
"Howard Fortner","Iran","26","3"
"Daryl Larue","Iraq","27","1"
"Crystal Ford","Israel","30","1"
"Geraldine Perkins","Israel","24","2"
"Lewis Lyman","Israel","19","3"
"Alexander Fennell","Italy","33","1"
"Marc Outlaw","Italy","29","2"
"Bessie Morrison","Italy","27","3"
"Angela Hernandez","Japan","35","1"
"Joanne Robertson","Japan","32","2"
"Debbie Reyes","Japan","31","3"
"Byron Box","Kazakstan","28","1"
"Irene Price","Kazakstan","21","2"
"Roy Whiting","Kenya","28","1"
"Katie Elliott","Kenya","23","2"
"Claudia Fuller","Kuwait","25","1"
"Ryan Salisbury","Latvia","30","1"
"Sarah Lewis","Latvia","27","2"
"Evelyn Morgan","Liechtenstein","26","1"
"Felix Gaffney","Lithuania","22","1"
"Andrea Henderson","Madagascar","21","1"
"Lynn Payne","Malawi","27","1"
"Charles Kowalski","Malaysia","28","1"
"Dolores Wagner","Malaysia","25","2"
"Jean Bell","Malaysia","24","3"
"Alex Gresham","Mexico","32","1"
"Jim Rea","Mexico","30","2"
"Sara Perry","Mexico","30","2"
"Martha Gonzalez","Moldova","34","1"
"Amanda Carter","Morocco","26","1"
"Lance Pemberton","Morocco","20","2"
"Laura Rodriguez","Morocco","19","3"
"Marsha Douglas","Mozambique","34","1"
"Don Bone","Mozambique","23","2"
"Annie Russell","Mozambique","18","3"
"Mabel Holland","Myanmar","25","1"
"Barbara Jones","Myanmar","22","2"
"Duane Tubbs","Nauru","30","1"
"Kevin Schuler","Nepal","17","1"
"Rhonda Kennedy","Netherlands","38","1"
"Dustin Gillette","Netherlands","25","2"
"Glenn Pullen","Netherlands","22","3"
"Peter Menard","Netherlands","22","3"
"Susan Wilson","New Zealand","23","1"
"Elsie Kelley","Nigeria","32","1"
"Marilyn Ross","Nigeria","30","2"
"Gladys Hamilton","Nigeria","29","3"
"Darlene Rose","North Korea","29","1"
"Gene Sanborn","Oman","24","1"
"Margaret Moore","Oman","20","2"
"Jeffery Pinson","Pakistan","28","1"
"Deborah Walker","Pakistan","27","2"
"Sharon Robinson","Pakistan","27","2"
"Maureen Little","Paraguay","21","1"
"Carl Artis","Paraguay","21","1"
"Eileen Carr","Paraguay","18","3"
"Thelma Murray","Peru","30","1"
"Jaime Nettles","Peru","27","2"
"Freddie Duggan","Peru","23","3"
"Marcia Dean","Philippines","39","1"
"Louis Leone","Philippines","34","2"
"Arnold Havens","Philippines","32","3"
"Russell Brinson","Poland","35","1"
"Marjorie Tucker","Poland","30","2"
"Jimmie Eggleston","Poland","28","3"
"Ralph Madrigal","Puerto Rico","32","1"
"Jenny Castro","Puerto Rico","20","2"
"Joy George","Romania","31","1"
"Ken Prewitt","Romania","27","2"
"Eleanor Hunt","Runion","45","1"
"Warren Sherrod","Russian Federation","31","1"
"Catherine Campbell","Russian Federation","31","1"
"Arthur Simpkins","Russian Federation","30","3"
"Jose Andrew","Saint Vincent and the Grenadines","18","1"
"Joyce Edwards","Saudi Arabia","24","1"
"Peggy Myers","Saudi Arabia","23","2"
"Travis Estep","Saudi Arabia","22","3"
"Ronnie Ricketts","Senegal","24","1"
"Keith Rico","Slovakia","23","1"
"Ethel Webb","South Africa","31","1"
"Esther Crawford","South Africa","28","2"
"Lucille Holmes","South Africa","27","3"
"Tanya Gilbert","South Korea","31","1"
"Courtney Day","South Korea","26","2"
"Fernando Churchill","South Korea","23","3"
"Emily Diaz","South Korea","23","3"
"Wesley Bull","Spain","35","1"
"Julie Sanchez","Spain","28","2"
"Mae Fletcher","Spain","21","3"
"Manuel Murrell","Sri Lanka","27","1"
"Diane Collins","Sudan","30","1"
"Johnny Turpin","Sudan","19","2"
"Janice Ward","Sweden","33","1"
"Gail Knight","Switzerland","24","1"
"Wade Delvalle","Switzerland","22","2"
"Katherine Rivera","Switzerland","13","3"
"Tammy Sanders","Taiwan","39","1"
"Elizabeth Brown","Taiwan","35","2"
"Roger Quintanilla","Taiwan","34","3"
"Melissa King","Taiwan","34","3"
"Herman Devore","Tanzania","28","1"
"Charlene Alvarez","Tanzania","25","2"
"Yolanda Weaver","Tanzania","25","2"
"Jacqueline Long","Thailand","32","1"
"Shawn Heaton","Thailand","31","2"
"Carolyn Perez","Thailand","29","3"
"Henry Billingsley","Tonga","16","1"
"Gregory Mauldin","Tunisia","22","1"
"Brandon Huey","Turkey","36","1"
"Casey Mena","Turkey","32","2"
"Rosemary Schmidt","Turkey","31","3"
"Jeanne Lawson","Turkmenistan","26","1"
"Dawn Sullivan","Tuvalu","22","1"
"Todd Tan","Ukraine","28","1"
"Brittany Riley","Ukraine","27","2"
"Monica Hicks","Ukraine","27","2"
"Tom Milner","United Arab Emirates","29","1"
"Lillian Griffin","United Arab Emirates","24","2"
"Misty Lambert","United Arab Emirates","22","3"
"Gilbert Sledge","United Kingdom","27","1"
"Cecil Vines","United Kingdom","26","2"
"Sandra Martin","United Kingdom","25","3"
"Karl Seal","United States","42","1"
"Ana Bradley","United States","33","2"
"Alice Stewart","United States","30","3"
"Veronica Stone","United States","30","3"
"Cindy Fisher","Venezuela","27","1"
"Carmen Owens","Venezuela","25","2"
"Calvin Martel","Venezuela","23","3"
"Mitchell Westmoreland","Vietnam","31","1"
"Neil Renner","Vietnam","31","1"
"Greg Robins","Vietnam","26","3"
"Nathan Runyon","Virgin Islands, U.S.","31","1"
"Gordon Allard","Yemen","31","1"
"Ella Oliver","Yemen","30","2"
"Gina Williamson","Yemen","27","3"
"Maria Miller","Yugoslavia","28","1"
"Max Pitt","Yugoslavia","23","2"
"Barry Lovelace","Zambia","30","1"
