"title","name","length"
"Smoochy Control","Sports",184
"Records Zorro","Sports",182
"Star Operation","Sports",181
"Jacket Frisco","Drama",181
"Something Duck","Drama",180
"Mussolini Spoilers","Sports",180
"Slacker Liaisons","Drama",179
"Torque Bound","Drama",179
"Virgin Daisy","Drama",179
"Flight Lies","Sports",179
"Anonymous Human","Sports",179
"Drop Waterfront","Sports",178
"Wardrobe Phantom","Drama",178
"Image Princess","Sports",178
"Rider Caddyshack","Sports",177
"Beauty Grease","Drama",175
"Jade Bunch","Sports",174
"Vietnam Smoochy","Drama",174
"Evolution Alter","Sports",174
"Talented Homicide","Sports",173
"Conquerer Nuts","Drama",173
"Northwest Polish","Sports",172
"Tights Dawn","Sports",172
"Kramer Chocolate","Sports",171
"Trading Pinocchio","Sports",170
"Artist Coldblooded","Sports",170
"Harold French","Drama",168
"Translation Summer","Drama",168
"Lesson Cleopatra","Sports",167
"Exorcist Sting","Sports",167
"Greedy Roots","Drama",166
"Queen Luke","Drama",163
"Roses Treasure","Sports",162
"Neighbors Charade","Sports",161
"Peach Innocent","Sports",160
"Mummy Creatures","Sports",160
"Poseidon Forever","Sports",159
"West Lion","Drama",159
"Driver Annie","Sports",159
"Secretary Rouge","Sports",158
"Hobbit Alien","Drama",157
"Slipper Fidelity","Sports",156
"Durham Panky","Sports",154
"Edge Kissing","Drama",153
"Apollo Teen","Drama",153
"Elizabeth Shane","Sports",152
"Luck Opus","Drama",152
"Tuxedo Mile","Sports",152
"Tourist Pelican","Sports",152
"Straight Hours","Sports",151
"Hunchback Impossible","Drama",151
"Beethoven Exorcist","Drama",151
"Saturday Lambs","Sports",150
"Hysterical Grail","Sports",150
"River Outlaw","Sports",149
"Racer Egg","Drama",147
"Lies Treatment","Drama",147
"Rocky War","Drama",145
"Paycheck Wait","Drama",145
"Chill Luck","Drama",142
"Spice Sorority","Drama",141
"Steers Armageddon","Sports",140
"Graceland Dynamite","Sports",140
"Liberty Magnificent","Sports",138
"Philadelphia Wife","Sports",137
"Scorpion Apollo","Drama",137
"Squad Fish","Sports",136
"Sierra Divide","Sports",135
"Dude Blindness","Sports",132
"Necklace Outbreak","Drama",132
"Holes Brannigan","Sports",128
"Gunfighter Mussolini","Sports",127
"Saints Bride","Drama",125
"Deceiver Betrayed","Drama",122
"Harry Idaho","Drama",121
"Paths Control","Drama",118
"Orient Closer","Drama",118
"Instinct Airport","Sports",116
"Blade Polish","Drama",114
"Coneheads Smoochy","Drama",112
"Crusade Honey","Sports",112
"Seabiscuit Punk","Sports",112
"Groove Fiction","Sports",111
"Seattle Expecations","Drama",110
"Diary Panic","Drama",107
"Chitty Lock","Drama",107
"Dalmations Sweden","Drama",106
"Joon Northwest","Sports",105
"Mob Duffel","Drama",105
"Mermaid Insects","Sports",104
"Mother Oleander","Sports",103
"Pirates Roxanne","Sports",100
"Flatliners Killer","Sports",100
"Witches Panic","Drama",100
"Darkness War","Drama",99
"Perdition Fargo","Sports",99
"Tenenbaums Command","Drama",99
"Goldfinger Sensibility","Drama",93
"Encounters Curtain","Drama",92
"Caribbean Liberty","Sports",92
"Gleaming Jawbreaker","Sports",89
"Congeniality Quest","Sports",87
"Treatment Jekyll","Drama",87
"Savannah Town","Drama",84
"Honey Ties","Sports",84
"Gone Trouble","Drama",84
"Loser Hustler","Sports",80
"Sea Virgin","Drama",80
"Peak Forever","Sports",80
"Unfaithful Kill","Drama",78
"Pickup Driving","Sports",77
"Destination Jerk","Drama",76
"Satisfaction Confidential","Sports",75
"California Birds","Sports",75
"Bright Encounters","Drama",73
"Chance Resurrection","Sports",70
"Lebowski Soldiers","Drama",69
"Shootist Superfly","Drama",67
"Confessions Maguire","Drama",65
"Craft Outfield","Drama",64
"Novocaine Flight","Sports",64
"Victory Academy","Sports",64
"Mile Mulan","Sports",64
"Reunion Witches","Drama",63
"Aladdin Calendar","Sports",63
"Bunch Minds","Drama",63
"Hanging Deep","Drama",62
"Shakespeare Saddle","Sports",60
"Bubble Grosse","Sports",60
"Pity Bound","Drama",60
"Cranes Reservoir","Sports",57
"Mosquito Armageddon","Sports",57
"Sense Greek","Sports",54
"Notting Speakeasy","Drama",48
"Divorce Shining","Sports",47
"Kwai Homeward","Drama",46
